lemma,wethey_past,pastpart,i_pres,wethey_pres,you_pres,hsi_pres,prespart,i_past,you_past,hsi_past
alight,alit,alighted,alight,alight,alight,alights,alighting,alit,alit,alighted
arise,arose,arisen,arise,arise,arise,arises,arising,arose,arose,arose
awake,awaked,awoken,awake,awake,awake,awakes,awaking,awaked,awaked,awoke
be,were,been,am,are,are,is,being,was,were,was
bear,bore,borne,bear,bear,bear,bears,bearing,bore,bore,bore
beat,beat,beaten,beat,beat,beat,beats,beating,beat,beat,beat
become,became,become,become,become,become,becomes,becoming,became,became,became
beget,begot,begotten,beget,beget,beget,begets,begetting,begot,begot,begot
begin,began,begun,begin,begin,begin,begins,beginning,began,began,began
bend,bent,bent,bend,bend,bend,bends,bending,bent,bent,bent
bereave,bereft,bereaved,bereave,bereave,bereave,bereaves,bereaving,bereft,bereft,bereaved
beseech,beseeched,besought,beseech,beseech,beseech,beseeches,beseeching,beseeched,beseeched,besought
bet,betted,bet,bet,bet,bet,bets,betting,betted,betted,bet
bid,bid,bidden,bid,bid,bid,bids,bidding,bid,bid,bade
bide,bided,bided,bide,bide,bide,bides,biding,bided,bided,bade
bind,bound,bound,bind,bind,bind,binds,binding,bound,bound,bound
bite,bit,bitten,bite,bite,bite,bites,biting,bit,bit,bit
bleed,bled,bled,bleed,bleed,bleed,bleeds,bleeding,bled,bled,bled
bless,blest,blessed,bless,bless,bless,blesses,blessing,blest,blest,blessed
blow,blew,blown,blow,blow,blow,blows,blowing,blew,blew,blew
break,broke,broken,break,break,break,breaks,breaking,broke,broke,broke
breed,bred,bred,breed,breed,breed,breeds,breeding,bred,bred,bred
bring,brought,brought,bring,bring,bring,brings,bringing,brought,brought,brought
broadcast,broadcasted,broadcast,broadcast,broadcast,broadcast,broadcasts,broadcasting,broadcasted,broadcasted,broadcast
build,built,built,build,build,build,builds,building,built,built,built
burn,burned,burnt,burn,burn,burn,burns,burning,burned,burned,burnt
burst,burst,burst,burst,burst,burst,bursts,bursting,burst,burst,burst
bust,busted,bust,bust,bust,bust,busts,busting,busted,busted,bust
buy,bought,bought,buy,buy,buy,buys,buying,bought,bought,bought
can,could,[None],can,can,can,cans,canning,could,could,could
cast,cast,cast,cast,cast,cast,casts,casting,cast,cast,cast
catch,caught,caught,catch,catch,catch,catches,catching,caught,caught,caught
choose,chose,chosen,choose,choose,choose,chooses,choosing,chose,chose,chose
cleave,clove,cleft,cleave,cleave,cleave,cleaves,cleaving,clove,clove,cleft
clothe,clad,clothed,clothe,clothe,clothe,clothes,clothing,clad,clad,clothed
come,came,come,come,come,come,comes,coming,came,came,came
cost,cost,cost,cost,cost,cost,costs,costing,cost,cost,cost
creep,crept,crept,creep,creep,creep,creeps,creeping,crept,crept,crept
crow,crowed,crew,crow,crow,crow,crows,crowing,crowed,crowed,crowed
cut,cut,cut,cut,cut,cut,cuts,cutting,cut,cut,cut
deal,dealt,dealt,deal,deal,deal,deals,dealing,dealt,dealt,dealt
dig,dug,dug,dig,dig,dig,digs,digging,dug,dug,dug
do,did,done,do,do,do,does,doing,did,did,did
draw,drew,drawn,draw,draw,draw,draws,drawing,drew,drew,drew
dream,dreamed,dreamt,dream,dream,dream,dreams,dreaming,dreamed,dreamed,dreamt
drink,drank,drunk,drink,drink,drink,drinks,drinking,drank,drank,drank
drive,drove,driven,drive,drive,drive,drives,driving,drove,drove,drove
dwell,dwelled,dwelt,dwell,dwell,dwell,dwells,dwelling,dwelled,dwelled,dwelt
eat,ate,eaten,eat,eat,eat,eats,eating,ate,ate,ate
fall,fell,fallen,fall,fall,fall,falls,falling,fell,fell,fell
feed,fed,fed,feed,feed,feed,feeds,feeding,fed,fed,fed
feel,felt,felt,feel,feel,feel,feels,feeling,felt,felt,felt
fight,fought,fought,fight,fight,fight,fights,fighting,fought,fought,fought
find,found,found,find,find,find,finds,finding,found,found,found
flee,fled,fled,flee,flee,flee,flees,fleing,fled,fled,fled
fling,flung,flung,fling,fling,fling,flings,flinging,flung,flung,flung
fly,flew,flown,fly,fly,fly,flies,flying,flew,flew,flew
forbid,forbade,forbid,forbid,forbid,forbid,forbids,forbidding,forbade,forbade,forbad
forecast,forcasted,forecast,forecast,forecast,forecast,forecasts,forecasting,forcasted,forcasted,forecast
forget,forgot,forgotten,forget,forget,forget,forgets,forgetting,forgot,forgot,forgot
forsake,forsook,forsaken,forsake,forsake,forsake,forsakes,forsaking,forsook,forsook,forsook
freeze,froze,frozen,freeze,freeze,freeze,freezes,freezing,froze,froze,froze
geld,gelt,gelded,geld,geld,geld,gelds,gelding,gelt,gelt,gelded
get,got,got,get,get,get,gets,getting,got,got,got
gild,gilt,gilded,gild,gild,gild,gilds,gilding,gilt,gilt,gilded
give,gave,given,give,give,give,gives,giving,gave,gave,gave
gnaw,gnawed,gnawed,gnaw,gnaw,gnaw,gnaws,gnawing,gnawed,gnawed,gnawed
go,went,gone,go,go,go,gos,going,went,went,went
grind,ground,ground,grind,grind,grind,grinds,grinding,ground,ground,ground
grow,grew,grown,grow,grow,grow,grows,growing,grew,grew,grew
hang,hung,hung,hang,hang,hang,hangs,hanging,hung,hung,hung
have,had,had,have,have,have,has,having,had,had,had
hear,heard,heard,hear,hear,hear,hears,hearing,heard,heard,heard
heave,hove,heaved,heave,heave,heave,heaves,heaving,hove,hove,heaved
hew,hewed,hewed,hew,hew,hew,hews,hewing,hewed,hewed,hewed
hide,hid,hidden,hide,hide,hide,hides,hiding,hid,hid,hid
hit,hit,hit,hit,hit,hit,hits,hitting,hit,hit,hit
hold,held,held,hold,hold,hold,holds,holding,held,held,held
hurt,hurt,hurt,hurt,hurt,hurt,hurts,hurting,hurt,hurt,hurt
keep,kept,kept,keep,keep,keep,keeps,keeping,kept,kept,kept
kneel,kneeled,knelt,kneel,kneel,kneel,kneels,kneeling,kneeled,kneeled,knelt
knit,knit,knitted,knit,knit,knit,knits,knitting,knit,knit,knitted
know,knew,known,know,know,know,knows,knowing,knew,knew,knew
lay,laid,laid,lay,lay,lay,lays,laying,laid,laid,laid
lead,led,led,lead,lead,lead,leads,leading,led,led,led
lean,leaned,leant,lean,lean,lean,leans,leaning,leaned,leaned,leant
leap,leaped,leapt,leap,leap,leap,leaps,leaping,leaped,leaped,leapt
learn,learned,learnt,learn,learn,learn,learns,learning,learned,learned,learnt
leave,left,left,leave,leave,leave,leaves,leaving,left,left,left
lend,lent,lent,lend,lend,lend,lends,lending,lent,lent,lent
let,let,let,let,let,let,lets,letting,let,let,let
lie,lay,lain,lie,lie,lie,lies,lying,lay,lay,lay
light,lighted,lit,light,light,light,lights,lighting,lighted,lighted,lit
lose,lost,lost,lose,lose,lose,loses,losing,lost,lost,lost
make,made,made,make,make,make,makes,making,made,made,made
may,might,[None],may,may,may,may,[None],might,might,might
mean,meant,meant,mean,mean,mean,means,meaning,meant,meant,meant
meet,met,met,meet,meet,meet,meets,meeting,met,met,met
melt,melted,molten,melt,melt,melt,melts,melting,melted,melted,melted
mow,mowed,mown,mow,mow,mow,mows,mowing,mowed,mowed,mowed
pay,paid,paid,pay,pay,pay,pays,paying,paid,paid,paid
pen,penned,pent,pen,pen,pen,pens,penning,penned,penned,pent
plead,pleaded,pled,plead,plead,plead,pleads,pleading,pleaded,pleaded,pled
prove,proved,proven,prove,prove,prove,proves,proving,proved,proved,proved
quit,quitted,quit,quit,quit,quit,quits,quiting,quitted,quitted,quit
read,read,read,read,read,read,reads,reading,read,read,read
rid,ridded,rid,rid,rid,rid,rids,ridding,ridded,ridded,rid
ride,rode,ridden,ride,ride,ride,rides,riding,rode,rode,rode
ring,rang,rung,ring,ring,ring,rings,ringing,rang,rang,rang
rise,rose,risen,rise,rise,rise,rises,rising,rose,rose,rose
run,ran,run,run,run,run,runs,running,ran,ran,ran
saw,sawed,sawn,saw,saw,saw,saws,sawing,sawed,sawed,sawed
say,said,said,say,say,say,says,saying,said,said,said
see,saw,seen,see,see,see,sees,seing,saw,saw,saw
seek,sought,sought,seek,seek,seek,seeks,seeking,sought,sought,sought
sell,sold,sold,sell,sell,sell,sells,selling,sold,sold,sold
send,sent,sent,send,send,send,sends,sending,sent,sent,sent
set,set,set,set,set,set,sets,setting,set,set,set
sew,sewed,sewn,sew,sew,sew,sews,sewing,sewed,sewed,sewed
shake,shook,shaken,shake,shake,shake,shakes,shaking,shook,shook,shook
shall,should,[None],shall,shall,shall,shalls,shalling,should,should,should
shear,sheared,shorn,shear,shear,shear,shears,shearing,sheared,sheared,sheared
shed,shed,shed,shed,shed,shed,sheds,shedding,shed,shed,shed
shine,shone,shone,shine,shine,shine,shines,shining,shone,shone,shone
shit,shat,shit,shit,shit,shit,shits,shitting,shat,shat,shit
shoe,shoed,shod,shoe,shoe,shoe,shoes,shoing,shoed,shoed,shod
shoot,shot,shot,shoot,shoot,shoot,shoots,shooting,shot,shot,shot
show,showed,shown,show,show,show,shows,showing,showed,showed,showed
shred,shredded,shred,shred,shred,shred,shreds,shredding,shredded,shredded,shred
shrink,shrunk,shrunk,shrink,shrink,shrink,shrinks,shrinking,shrunk,shrunk,shrank
shut,shut,shut,shut,shut,shut,shuts,shutting,shut,shut,shut
sing,sang,sung,sing,sing,sing,sings,singing,sang,sang,sang
sink,sank,sunk,sink,sink,sink,sinks,sinking,sank,sank,sank
sit,sat,sat,sit,sit,sit,sits,sitting,sat,sat,sat
slay,slew,slain,slay,slay,slay,slays,slaying,slew,slew,slew
sleep,slept,slept,sleep,sleep,sleep,sleeps,sleeping,slept,slept,slept
slide,slid,slid,slide,slide,slide,slides,sliding,slid,slid,slid
sling,slung,slung,sling,sling,sling,slings,slinging,slung,slung,slung
slink,slunk,slunk,slink,slink,slink,slinks,slinking,slunk,slunk,slunk
slit,slit,slit,slit,slit,slit,slits,slitting,slit,slit,slit
smell,smelled,smelt,smell,smell,smell,smells,smelling,smelled,smelled,smelt
smite,smote,smitten,smite,smite,smite,smites,smiting,smote,smote,smote
sow,sowed,sown,sow,sow,sow,sows,sowing,sowed,sowed,sowed
speak,spoke,spoken,speak,speak,speak,speaks,speaking,spoke,spoke,spoke
speed,speeded,sped,speed,speed,speed,speeds,speeding,speeded,speeded,sped
spell,spelled,spelt,spell,spell,spell,spells,spelling,spelled,spelled,spelt
spend,spent,spent,spend,spend,spend,spends,spending,spent,spent,spent
spill,spilled,spilt,spill,spill,spill,spills,spilling,spilled,spilled,spilt
spin,spun,spun,spin,spin,spin,spins,spinning,spun,spun,spun
spit,spat,spat,spit,spit,spit,spits,spitting,spat,spat,spat
split,split,split,split,split,split,splits,splitting,split,split,split
spoil,spoiled,spoilt,spoil,spoil,spoil,spoils,spoiling,spoiled,spoiled,spoilt
spread,spread,spread,spread,spread,spread,spreads,spreading,spread,spread,spread
spring,sprung,sprung,spring,spring,spring,springs,springing,sprung,sprung,sprang
stand,stood,stood,stand,stand,stand,stands,standing,stood,stood,stood
steal,stole,stolen,steal,steal,steal,steals,stealing,stole,stole,stole
stick,stuck,stuck,stick,stick,stick,sticks,sticking,stuck,stuck,stuck
sting,stung,stung,sting,sting,sting,stings,stinging,stung,stung,stung
stink,stunk,stunk,stink,stink,stink,stinks,stinking,stunk,stunk,stank
stride,strode,stridden,stride,stride,stride,strides,striding,strode,strode,strode
strike,struck,struck,strike,strike,strike,strikes,striking,struck,struck,struck
string,strung,strung,string,string,string,strings,stringing,strung,strung,strung
strive,strove,striven,strive,strive,strive,strives,striving,strove,strove,strove
swear,swore,sworn,swear,swear,swear,swears,swearing,swore,swore,swore
sweat,sweated,sweat,sweat,sweat,sweat,sweats,sweating,sweated,sweated,sweat
sweep,swept,swept,sweep,sweep,sweep,sweeps,sweeping,swept,swept,swept
swell,swelled,swollen,swell,swell,swell,swells,swelling,swelled,swelled,swelled
swim,swam,swum,swim,swim,swim,swims,swimming,swam,swam,swam
swing,swung,swung,swing,swing,swing,swings,swinging,swung,swung,swung
take,took,taken,take,take,take,takes,taking,took,took,took
teach,taught,taught,teach,teach,teach,teaches,teaching,taught,taught,taught
tear,tore,torn,tear,tear,tear,tears,tearing,tore,tore,tore
telecast,telecasted,telecast,telecast,telecast,telecast,telecasts,telecasting,telecasted,telecasted,telecast
tell,told,told,tell,tell,tell,tells,telling,told,told,told
throw,threw,thrown,throw,throw,throw,throws,throwing,threw,threw,threw
thrust,thrust,thrust,thrust,thrust,thrust,thrusts,thrusting,thrust,thrust,thrust
tread,trod,trodden,tread,tread,tread,treads,treading,trod,trod,trod
wake,waked,woken,wake,wake,wake,wakes,waking,waked,waked,woke
wear,wore,worn,wear,wear,wear,wears,wearing,wore,wore,wore
weave,wove,woven,weave,weave,weave,weaves,weaving,wove,wove,wove
wed,wedded,wed,wed,wed,wed,weds,wedding,wedded,wedded,wed
weep,wept,wept,weep,weep,weep,weeps,weeping,wept,wept,wept
wet,wetted,wet,wet,wet,wet,wets,wetting,wetted,wetted,wet
win,won,won,win,win,win,wins,winning,won,won,won
wind,wound,wound,wind,wind,wind,winds,winding,wound,wound,wound
wring,wrung,wrung,wring,wring,wring,wrings,wringing,wrung,wrung,wrung
write,wrote,written,write,write,write,writes,writing,wrote,wrote,wrote
accept,accepted,accepted,accept,accept,accept,accepts,accepting,accepted,accepted,accepted
add,added,added,add,add,add,adds,adding,added,added,added
admire,admired,admired,admire,admire,admire,admires,admiring,admired,admired,admired
admit,admited,admited,admit,admit,admit,admits,admiting,admited,admited,admited
advise,advised,advised,advise,advise,advise,advises,advising,advised,advised,advised
afford,afforded,afforded,afford,afford,afford,affords,affording,afforded,afforded,afforded
agree,agreed,agreed,agree,agree,agree,agrees,agreeing,agreed,agreed,agreed
alert,alerted,alerted,alert,alert,alert,alerts,alerting,alerted,alerted,alerted
allow,allowed,allowed,allow,allow,allow,allows,allowing,allowed,allowed,allowed
amuse,amused,amused,amuse,amuse,amuse,amuses,amusing,amused,amused,amused
analyze,analyzed,analyzed,analyze,analyze,analyze,analyzes,analyzing,analyzed,analyzed,analyzed
announce,announced,announced,announce,announce,announce,announces,announcing,announced,announced,announced
annoy,annoyed,annoyed,annoy,annoy,annoy,annoys,annoying,annoyed,annoyed,annoyed
answer,answered,answered,answer,answer,answer,answers,answering,answered,answered,answered
appear,appeared,appeared,appear,appear,appear,appears,appearing,appeared,appeared,appeared
applaud,applauded,applauded,applaud,applaud,applaud,applauds,applauding,applauded,applauded,applauded
appreciate,appreciated,appreciated,appreciate,appreciate,appreciate,appreciates,appreciating,appreciated,appreciated,appreciated
approve,approved,approved,approve,approve,approve,approves,approving,approved,approved,approved
argue,argued,argued,argue,argue,argue,argues,arguing,argued,argued,argued
arrange,arranged,arranged,arrange,arrange,arrange,arranges,arranging,arranged,arranged,arranged
arrest,arrested,arrested,arrest,arrest,arrest,arrests,arresting,arrested,arrested,arrested
arrive,arrived,arrived,arrive,arrive,arrive,arrives,arriving,arrived,arrived,arrived
ask,asked,asked,ask,ask,ask,asks,asking,asked,asked,asked
attach,attached,attached,attach,attach,attach,attaches,attaching,attached,attached,attached
attack,attacked,attacked,attack,attack,attack,attacks,attacking,attacked,attacked,attacked
attempt,attempted,attempted,attempt,attempt,attempt,attempts,attempting,attempted,attempted,attempted
attend,attended,attended,attend,attend,attend,attends,attending,attended,attended,attended
attract,attracted,attracted,attract,attract,attract,attracts,attracting,attracted,attracted,attracted
avoid,avoided,avoided,avoid,avoid,avoid,avoids,avoiding,avoided,avoided,avoided
back,backed,backed,back,back,back,backs,backing,backed,backed,backed
bake,baked,baked,bake,bake,bake,bakes,baking,baked,baked,baked
balance,balanced,balanced,balance,balance,balance,balances,balancing,balanced,balanced,balanced
ban,banned,banned,ban,ban,ban,bans,banning,banned,banned,banned
bang,banged,banged,bang,bang,bang,bangs,banging,banged,banged,banged
bare,bared,bared,bare,bare,bare,bares,baring,bared,bared,bared
bat,batted,batted,bat,bat,bat,bats,batting,batted,batted,batted
bathe,bathed,bathed,bathe,bathe,bathe,bathes,bathing,bathed,bathed,bathed
battle,battled,battled,battle,battle,battle,battles,battling,battled,battled,battled
beam,beamed,beamed,beam,beam,beam,beams,beaming,beamed,beamed,beamed
beg,begged,begged,beg,beg,beg,begs,begging,begged,begged,begged
behave,behaved,behaved,behave,behave,behave,behaves,behaving,behaved,behaved,behaved
belong,belonged,belonged,belong,belong,belong,belongs,belonging,belonged,belonged,belonged
bleach,bleached,bleached,bleach,bleach,bleach,bleaches,bleaching,bleached,bleached,bleached
bless,blessed,blessed,bless,bless,bless,blesses,blessing,blessed,blessed,blessed
blind,blinded,blinded,blind,blind,blind,blinds,blinding,blinded,blinded,blinded
blink,blinked,blinked,blink,blink,blink,blinks,blinking,blinked,blinked,blinked
blot,blotted,blotted,blot,blot,blot,blots,blotting,blotted,blotted,blotted
blush,blushed,blushed,blush,blush,blush,blushes,blushing,blushed,blushed,blushed
boast,boasted,boasted,boast,boast,boast,boasts,boasting,boasted,boasted,boasted
boil,boiled,boiled,boil,boil,boil,boils,boiling,boiled,boiled,boiled
bomb,bombed,bombed,bomb,bomb,bomb,bombs,bombing,bombed,bombed,bombed
book,booked,booked,book,book,book,books,booking,booked,booked,booked
bore,bored,bored,bore,bore,bore,bores,boring,bored,bored,bored
borrow,borrowed,borrowed,borrow,borrow,borrow,borrows,borrowing,borrowed,borrowed,borrowed
bounce,bounced,bounced,bounce,bounce,bounce,bounces,bouncing,bounced,bounced,bounced
bow,bowed,bowed,bow,bow,bow,bows,bowing,bowed,bowed,bowed
box,boxed,boxed,box,box,box,boxes,boxing,boxed,boxed,boxed
brake,braked,braked,brake,brake,brake,brakes,braking,braked,braked,braked
branch,branched,branched,branch,branch,branch,branches,branching,branched,branched,branched
breathe,breathed,breathed,breathe,breathe,breathe,breathes,breathing,breathed,breathed,breathed
bruise,bruised,bruised,bruise,bruise,bruise,bruises,bruising,bruised,bruised,bruised
brush,brushed,brushed,brush,brush,brush,brushes,brushing,brushed,brushed,brushed
bubble,bubbled,bubbled,bubble,bubble,bubble,bubbles,bubbling,bubbled,bubbled,bubbled
bump,bumped,bumped,bump,bump,bump,bumps,bumping,bumped,bumped,bumped
burn,burned,burned,burn,burn,burn,burns,burning,burned,burned,burned
bury,buried,buried,bury,bury,bury,buries,burying,buried,buried,buried
buzz,buzzed,buzzed,buzz,buzz,buzz,buzzes,buzzing,buzzed,buzzed,buzzed
calculate,calculated,calculated,calculate,calculate,calculate,calculates,calculating,calculated,calculated,calculated
call,called,called,call,call,call,calls,calling,called,called,called
camp,camped,camped,camp,camp,camp,camps,camping,camped,camped,camped
care,cared,cared,care,care,care,cares,caring,cared,cared,cared
carry,carried,carried,carry,carry,carry,carries,carrying,carried,carried,carried
carve,carved,carved,carve,carve,carve,carves,carving,carved,carved,carved
cause,caused,caused,cause,cause,cause,causes,causing,caused,caused,caused
challenge,challenged,challenged,challenge,challenge,challenge,challenges,challenging,challenged,challenged,challenged
change,changed,changed,change,change,change,changes,changing,changed,changed,changed
charge,charged,charged,charge,charge,charge,charges,charging,charged,charged,charged
chase,chased,chased,chase,chase,chase,chases,chasing,chased,chased,chased
cheat,cheated,cheated,cheat,cheat,cheat,cheats,cheating,cheated,cheated,cheated
check,checked,checked,check,check,check,checks,checking,checked,checked,checked
cheer,cheered,cheered,cheer,cheer,cheer,cheers,cheering,cheered,cheered,cheered
chew,chewed,chewed,chew,chew,chew,chews,chewing,chewed,chewed,chewed
choke,choked,choked,choke,choke,choke,chokes,choking,choked,choked,choked
chop,chopped,chopped,chop,chop,chop,chops,chopping,chopped,chopped,chopped
claim,claimed,claimed,claim,claim,claim,claims,claiming,claimed,claimed,claimed
clap,clapped,clapped,clap,clap,clap,claps,clapping,clapped,clapped,clapped
clean,cleaned,cleaned,clean,clean,clean,cleans,cleaning,cleaned,cleaned,cleaned
clear,cleared,cleared,clear,clear,clear,clears,clearing,cleared,cleared,cleared
clip,clipped,clipped,clip,clip,clip,clips,clipping,clipped,clipped,clipped
close,closed,closed,close,close,close,closes,closing,closed,closed,closed
coach,coached,coached,coach,coach,coach,coaches,coaching,coached,coached,coached
coil,coiled,coiled,coil,coil,coil,coils,coiling,coiled,coiled,coiled
collect,collected,collected,collect,collect,collect,collects,collecting,collected,collected,collected
colour,coloured,coloured,colour,colour,colour,colours,colouring,coloured,coloured,coloured
comb,combed,combed,comb,comb,comb,combs,combing,combed,combed,combed
command,commanded,commanded,command,command,command,commands,commanding,commanded,commanded,commanded
communicate,communicated,communicated,communicate,communicate,communicate,communicates,communicating,communicated,communicated,communicated
compare,compared,compared,compare,compare,compare,compares,comparing,compared,compared,compared
compete,competed,competed,compete,compete,compete,competes,competing,competed,competed,competed
complain,complained,complained,complain,complain,complain,complains,complaining,complained,complained,complained
complete,completed,completed,complete,complete,complete,completes,completing,completed,completed,completed
concentrate,concentrated,concentrated,concentrate,concentrate,concentrate,concentrates,concentrating,concentrated,concentrated,concentrated
concern,concerned,concerned,concern,concern,concern,concerns,concerning,concerned,concerned,concerned
confess,confessed,confessed,confess,confess,confess,confesses,confessing,confessed,confessed,confessed
confuse,confused,confused,confuse,confuse,confuse,confuses,confusing,confused,confused,confused
connect,connected,connected,connect,connect,connect,connects,connecting,connected,connected,connected
consider,considered,considered,consider,consider,consider,considers,considering,considered,considered,considered
consist,consisted,consisted,consist,consist,consist,consists,consisting,consisted,consisted,consisted
contain,contained,contained,contain,contain,contain,contains,containing,contained,contained,contained
continue,continued,continued,continue,continue,continue,continues,continuing,continued,continued,continued
copy,copied,copied,copy,copy,copy,copies,copying,copied,copied,copied
correct,corrected,corrected,correct,correct,correct,corrects,correcting,corrected,corrected,corrected
cough,coughed,coughed,cough,cough,cough,coughs,coughing,coughed,coughed,coughed
count,counted,counted,count,count,count,counts,counting,counted,counted,counted
cover,covered,covered,cover,cover,cover,covers,covering,covered,covered,covered
crack,cracked,cracked,crack,crack,crack,cracks,cracking,cracked,cracked,cracked
crash,crashed,crashed,crash,crash,crash,crashes,crashing,crashed,crashed,crashed
crawl,crawled,crawled,crawl,crawl,crawl,crawls,crawling,crawled,crawled,crawled
cross,crossed,crossed,cross,cross,cross,crosses,crossing,crossed,crossed,crossed
crush,crushed,crushed,crush,crush,crush,crushes,crushing,crushed,crushed,crushed
cry,cried,cried,cry,cry,cry,cries,crying,cried,cried,cried
cure,cured,cured,cure,cure,cure,cures,curing,cured,cured,cured
curl,curled,curled,curl,curl,curl,curls,curling,curled,curled,curled
curve,curved,curved,curve,curve,curve,curves,curving,curved,curved,curved
cycle,cycled,cycled,cycle,cycle,cycle,cycles,cycling,cycled,cycled,cycled
dam,dammed,dammed,dam,dam,dam,dams,damming,dammed,dammed,dammed
damage,damaged,damaged,damage,damage,damage,damages,damaging,damaged,damaged,damaged
dance,danced,danced,dance,dance,dance,dances,dancing,danced,danced,danced
dare,dared,dared,dare,dare,dare,dares,daring,dared,dared,dared
decay,decayed,decayed,decay,decay,decay,decays,decaying,decayed,decayed,decayed
deceive,deceived,deceived,deceive,deceive,deceive,deceives,deceiving,deceived,deceived,deceived
decide,decided,decided,decide,decide,decide,decides,deciding,decided,decided,decided
decorate,decorated,decorated,decorate,decorate,decorate,decorates,decorating,decorated,decorated,decorated
delay,delayed,delayed,delay,delay,delay,delays,delaying,delayed,delayed,delayed
delight,delighted,delighted,delight,delight,delight,delights,delighting,delighted,delighted,delighted
deliver,delivered,delivered,deliver,deliver,deliver,delivers,delivering,delivered,delivered,delivered
depend,depended,depended,depend,depend,depend,depends,depending,depended,depended,depended
describe,described,described,describe,describe,describe,describes,describing,described,described,described
desert,deserted,deserted,desert,desert,desert,deserts,deserting,deserted,deserted,deserted
deserve,deserved,deserved,deserve,deserve,deserve,deserves,deserving,deserved,deserved,deserved
destroy,destroyed,destroyed,destroy,destroy,destroy,destroys,destroying,destroyed,destroyed,destroyed
detect,detected,detected,detect,detect,detect,detects,detecting,detected,detected,detected
develop,developed,developed,develop,develop,develop,develops,developing,developed,developed,developed
disagree,disagreed,disagreed,disagree,disagree,disagree,disagrees,disagreeing,disagreed,disagreed,disagreed
disappear,disappeared,disappeared,disappear,disappear,disappear,disappears,disappearing,disappeared,disappeared,disappeared
disapprove,disapproved,disapproved,disapprove,disapprove,disapprove,disapproves,disapproving,disapproved,disapproved,disapproved
disarm,disarmed,disarmed,disarm,disarm,disarm,disarms,disarming,disarmed,disarmed,disarmed
discover,discovered,discovered,discover,discover,discover,discovers,discovering,discovered,discovered,discovered
dislike,disliked,disliked,dislike,dislike,dislike,dislikes,disliking,disliked,disliked,disliked
divide,divided,divided,divide,divide,divide,divides,dividing,divided,divided,divided
double,doubled,doubled,double,double,double,doubles,doubling,doubled,doubled,doubled
doubt,doubted,doubted,doubt,doubt,doubt,doubts,doubting,doubted,doubted,doubted
drain,drained,drained,drain,drain,drain,drains,draining,drained,drained,drained
dream,dreamed,dreamed,dream,dream,dream,dreams,dreaming,dreamed,dreamed,dreamed
dress,dressed,dressed,dress,dress,dress,dresses,dressing,dressed,dressed,dressed
drip,dripped,dripped,drip,drip,drip,drips,dripping,dripped,dripped,dripped
drop,dropped,dropped,drop,drop,drop,drops,dropping,dropped,dropped,dropped
drown,drowned,drowned,drown,drown,drown,drowns,drowning,drowned,drowned,drowned
drum,drummed,drummed,drum,drum,drum,drums,drumming,drummed,drummed,drummed
dry,dried,dried,dry,dry,dry,dries,drying,dried,dried,dried
dust,dusted,dusted,dust,dust,dust,dusts,dusting,dusted,dusted,dusted
earn,earned,earned,earn,earn,earn,earns,earning,earned,earned,earned
educate,educated,educated,educate,educate,educate,educates,educating,educated,educated,educated
embarrass,embarrassed,embarrassed,embarrass,embarrass,embarrass,embarrasses,embarrassing,embarrassed,embarrassed,embarrassed
employ,employed,employed,employ,employ,employ,employs,employing,employed,employed,employed
empty,emptied,emptied,empty,empty,empty,empties,emptying,emptied,emptied,emptied
encourage,encouraged,encouraged,encourage,encourage,encourage,encourages,encouraging,encouraged,encouraged,encouraged
end,ended,ended,end,end,end,ends,ending,ended,ended,ended
enjoy,enjoyed,enjoyed,enjoy,enjoy,enjoy,enjoys,enjoying,enjoyed,enjoyed,enjoyed
enter,entered,entered,enter,enter,enter,enters,entering,entered,entered,entered
entertain,entertained,entertained,entertain,entertain,entertain,entertains,entertaining,entertained,entertained,entertained
escape,escaped,escaped,escape,escape,escape,escapes,escaping,escaped,escaped,escaped
examine,examined,examined,examine,examine,examine,examines,examining,examined,examined,examined
excite,excited,excited,excite,excite,excite,excites,exciting,excited,excited,excited
excuse,excused,excused,excuse,excuse,excuse,excuses,excusing,excused,excused,excused
exercise,exercised,exercised,exercise,exercise,exercise,exercises,exercising,exercised,exercised,exercised
exist,existed,existed,exist,exist,exist,exists,existing,existed,existed,existed
expand,expanded,expanded,expand,expand,expand,expands,expanding,expanded,expanded,expanded
expect,expected,expected,expect,expect,expect,expects,expecting,expected,expected,expected
explain,explained,explained,explain,explain,explain,explains,explaining,explained,explained,explained
explode,exploded,exploded,explode,explode,explode,explodes,exploding,exploded,exploded,exploded
extend,extended,extended,extend,extend,extend,extends,extending,extended,extended,extended
face,faced,faced,face,face,face,faces,facing,faced,faced,faced
fade,faded,faded,fade,fade,fade,fades,fading,faded,faded,faded
fail,failed,failed,fail,fail,fail,fails,failing,failed,failed,failed
fancy,fancied,fancied,fancy,fancy,fancy,fancies,fancying,fancied,fancied,fancied
fasten,fastened,fastened,fasten,fasten,fasten,fastens,fastening,fastened,fastened,fastened
fear,feared,feared,fear,fear,fear,fears,fearing,feared,feared,feared
fence,fenced,fenced,fence,fence,fence,fences,fencing,fenced,fenced,fenced
fetch,fetched,fetched,fetch,fetch,fetch,fetches,fetching,fetched,fetched,fetched
file,filed,filed,file,file,file,files,filing,filed,filed,filed
fill,filled,filled,fill,fill,fill,fills,filling,filled,filled,filled
film,filmed,filmed,film,film,film,films,filming,filmed,filmed,filmed
fire,fired,fired,fire,fire,fire,fires,firing,fired,fired,fired
fit,fitted,fitted,fit,fit,fit,fits,fitting,fitted,fitted,fitted
fix,fixed,fixed,fix,fix,fix,fixes,fixing,fixed,fixed,fixed
flap,flapped,flapped,flap,flap,flap,flaps,flapping,flapped,flapped,flapped
flash,flashed,flashed,flash,flash,flash,flashes,flashing,flashed,flashed,flashed
float,floated,floated,float,float,float,floats,floating,floated,floated,floated
flood,flooded,flooded,flood,flood,flood,floods,flooding,flooded,flooded,flooded
flow,flowed,flowed,flow,flow,flow,flows,flowing,flowed,flowed,flowed
flower,flowered,flowered,flower,flower,flower,flowers,flowering,flowered,flowered,flowered
fold,folded,folded,fold,fold,fold,folds,folding,folded,folded,folded
follow,followed,followed,follow,follow,follow,follows,following,followed,followed,followed
fool,fooled,fooled,fool,fool,fool,fools,fooling,fooled,fooled,fooled
force,forced,forced,force,force,force,forces,forcing,forced,forced,forced
form,formed,formed,form,form,form,forms,forming,formed,formed,formed
found,founded,founded,found,found,found,founds,founding,founded,founded,founded
frame,framed,framed,frame,frame,frame,frames,framing,framed,framed,framed
frighten,frightened,frightened,frighten,frighten,frighten,frightens,frightening,frightened,frightened,frightened
fry,fried,fried,fry,fry,fry,fries,frying,fried,fried,fried
gather,gathered,gathered,gather,gather,gather,gathers,gathering,gathered,gathered,gathered
gaze,gazed,gazed,gaze,gaze,gaze,gazes,gazing,gazed,gazed,gazed
glow,glowed,glowed,glow,glow,glow,glows,glowing,glowed,glowed,glowed
glue,glued,glued,glue,glue,glue,glues,gluing,glued,glued,glued
grab,grabbed,grabbed,grab,grab,grab,grabs,grabbing,grabbed,grabbed,grabbed
grate,grated,grated,grate,grate,grate,grates,grating,grated,grated,grated
grease,greased,greased,grease,grease,grease,greases,greasing,greased,greased,greased
greet,greeted,greeted,greet,greet,greet,greets,greeting,greeted,greeted,greeted
grin,grinned,grinned,grin,grin,grin,grins,grinning,grinned,grinned,grinned
grip,gripped,gripped,grip,grip,grip,grips,gripping,gripped,gripped,gripped
groan,groaned,groaned,groan,groan,groan,groans,groaning,groaned,groaned,groaned
guarantee,guaranteed,guaranteed,guarantee,guarantee,guarantee,guarantees,guaranteeing,guaranteed,guaranteed,guaranteed
guard,guarded,guarded,guard,guard,guard,guards,guarding,guarded,guarded,guarded
guess,guessed,guessed,guess,guess,guess,guesses,guessing,guessed,guessed,guessed
guide,guided,guided,guide,guide,guide,guides,guiding,guided,guided,guided
hammer,hammered,hammered,hammer,hammer,hammer,hammers,hammering,hammered,hammered,hammered
hand,handed,handed,hand,hand,hand,hands,handing,handed,handed,handed
handle,handled,handled,handle,handle,handle,handles,handling,handled,handled,handled
hang,hanged,hanged,hang,hang,hang,hangs,hanging,hanged,hanged,hanged
happen,happened,happened,happen,happen,happen,happens,happening,happened,happened,happened
harass,harassed,harassed,harass,harass,harass,harasses,harassing,harassed,harassed,harassed
harm,harmed,harmed,harm,harm,harm,harms,harming,harmed,harmed,harmed
hate,hated,hated,hate,hate,hate,hates,hating,hated,hated,hated
haunt,haunted,haunted,haunt,haunt,haunt,haunts,haunting,haunted,haunted,haunted
head,headed,headed,head,head,head,heads,heading,headed,headed,headed
heal,healed,healed,heal,heal,heal,heals,healing,healed,healed,healed
heap,heaped,heaped,heap,heap,heap,heaps,heaping,heaped,heaped,heaped
heat,heated,heated,heat,heat,heat,heats,heating,heated,heated,heated
help,helped,helped,help,help,help,helps,helping,helped,helped,helped
hook,hooked,hooked,hook,hook,hook,hooks,hooking,hooked,hooked,hooked
hop,hopped,hopped,hop,hop,hop,hops,hopping,hopped,hopped,hopped
hope,hoped,hoped,hope,hope,hope,hopes,hoping,hoped,hoped,hoped
hover,hovered,hovered,hover,hover,hover,hovers,hovering,hovered,hovered,hovered
hug,hugged,hugged,hug,hug,hug,hugs,hugging,hugged,hugged,hugged
hum,hummed,hummed,hum,hum,hum,hums,humming,hummed,hummed,hummed
hunt,hunted,hunted,hunt,hunt,hunt,hunts,hunting,hunted,hunted,hunted
hurry,hurried,hurried,hurry,hurry,hurry,hurries,hurrying,hurried,hurried,hurried
identify,identified,identified,identify,identify,identify,identifies,identifying,identified,identified,identified
ignore,ignored,ignored,ignore,ignore,ignore,ignores,ignoring,ignored,ignored,ignored
imagine,imagined,imagined,imagine,imagine,imagine,imagines,imagining,imagined,imagined,imagined
impress,impressed,impressed,impress,impress,impress,impresses,impressing,impressed,impressed,impressed
improve,improved,improved,improve,improve,improve,improves,improving,improved,improved,improved
include,included,included,include,include,include,includes,including,included,included,included
increase,increased,increased,increase,increase,increase,increases,increasing,increased,increased,increased
influence,influenced,influenced,influence,influence,influence,influences,influencing,influenced,influenced,influenced
inform,informed,informed,inform,inform,inform,informs,informing,informed,informed,informed
inject,injected,injected,inject,inject,inject,injects,injecting,injected,injected,injected
injure,injured,injured,injure,injure,injure,injures,injuring,injured,injured,injured
instruct,instructed,instructed,instruct,instruct,instruct,instructs,instructing,instructed,instructed,instructed
intend,intended,intended,intend,intend,intend,intends,intending,intended,intended,intended
interest,interested,interested,interest,interest,interest,interests,interesting,interested,interested,interested
interfere,interfered,interfered,interfere,interfere,interfere,interferes,interfering,interfered,interfered,interfered
interrupt,interrupted,interrupted,interrupt,interrupt,interrupt,interrupts,interrupting,interrupted,interrupted,interrupted
introduce,introduced,introduced,introduce,introduce,introduce,introduces,introducing,introduced,introduced,introduced
invent,invented,invented,invent,invent,invent,invents,inventing,invented,invented,invented
invite,invited,invited,invite,invite,invite,invites,inviting,invited,invited,invited
irritate,irritated,irritated,irritate,irritate,irritate,irritates,irritating,irritated,irritated,irritated
itch,itched,itched,itch,itch,itch,itches,itching,itched,itched,itched
jail,jailed,jailed,jail,jail,jail,jails,jailing,jailed,jailed,jailed
jam,jammed,jammed,jam,jam,jam,jams,jamming,jammed,jammed,jammed
jog,jogged,jogged,jog,jog,jog,jogs,jogging,jogged,jogged,jogged
join,joined,joined,join,join,join,joins,joining,joined,joined,joined
joke,joked,joked,joke,joke,joke,jokes,joking,joked,joked,joked
judge,judged,judged,judge,judge,judge,judges,judging,judged,judged,judged
juggle,juggled,juggled,juggle,juggle,juggle,juggles,juggling,juggled,juggled,juggled
jump,jumped,jumped,jump,jump,jump,jumps,jumping,jumped,jumped,jumped
kick,kicked,kicked,kick,kick,kick,kicks,kicking,kicked,kicked,kicked
kill,killed,killed,kill,kill,kill,kills,killing,killed,killed,killed
kiss,kissed,kissed,kiss,kiss,kiss,kisses,kissing,kissed,kissed,kissed
kneel,kneeled,kneeled,kneel,kneel,kneel,kneels,kneeling,kneeled,kneeled,kneeled
knit,knitted,knitted,knit,knit,knit,knits,knitting,knitted,knitted,knitted
knock,knocked,knocked,knock,knock,knock,knocks,knocking,knocked,knocked,knocked
knot,knotted,knotted,knot,knot,knot,knots,knotting,knotted,knotted,knotted
label,labeled,labeled,label,label,label,labels,labeling,labeled,labeled,labeled
land,landed,landed,land,land,land,lands,landing,landed,landed,landed
last,lasted,lasted,last,last,last,lasts,lasting,lasted,lasted,lasted
laugh,laughed,laughed,laugh,laugh,laugh,laughs,laughing,laughed,laughed,laughed
launch,launched,launched,launch,launch,launch,launches,launching,launched,launched,launched
learn,learned,learned,learn,learn,learn,learns,learning,learned,learned,learned
level,leveled,leveled,level,level,level,levels,leveling,leveled,leveled,leveled
license,licensed,licensed,license,license,license,licenses,licensing,licensed,licensed,licensed
lick,licked,licked,lick,lick,lick,licks,licking,licked,licked,licked
lie,lied,lied,lie,lie,lie,lies,lying,lied,lied,lied
lighten,lightened,lightened,lighten,lighten,lighten,lightens,lightening,lightened,lightened,lightened
like,liked,liked,like,like,like,likes,liking,liked,liked,liked
list,listed,listed,list,list,list,lists,listing,listed,listed,listed
listen,listened,listened,listen,listen,listen,listens,listening,listened,listened,listened
live,lived,lived,live,live,live,lives,living,lived,lived,lived
load,loaded,loaded,load,load,load,loads,loading,loaded,loaded,loaded
lock,locked,locked,lock,lock,lock,locks,locking,locked,locked,locked
long,longed,longed,long,long,long,longs,longing,longed,longed,longed
look,looked,looked,look,look,look,looks,looking,looked,looked,looked
love,loved,loved,love,love,love,loves,loving,loved,loved,loved
man,manned,manned,man,man,man,mans,manning,manned,manned,manned
manage,managed,managed,manage,manage,manage,manages,managing,managed,managed,managed
march,marched,marched,march,march,march,marches,marching,marched,marched,marched
mark,marked,marked,mark,mark,mark,marks,marking,marked,marked,marked
marry,married,married,marry,marry,marry,marries,marrying,married,married,married
match,matched,matched,match,match,match,matches,matching,matched,matched,matched
mate,mated,mated,mate,mate,mate,mates,mating,mated,mated,mated
matter,mattered,mattered,matter,matter,matter,matters,mattering,mattered,mattered,mattered
measure,measured,measured,measure,measure,measure,measures,measuring,measured,measured,measured
meddle,meddled,meddled,meddle,meddle,meddle,meddles,meddling,meddled,meddled,meddled
melt,melted,melted,melt,melt,melt,melts,melting,melted,melted,melted
mend,mended,mended,mend,mend,mend,mends,mending,mended,mended,mended
mess,messed,messed,mess,mess,mess,messes,messing,messed,messed,messed
up,uped,uped,up,up,up,ups,uping,uped,uped,uped
milk,milked,milked,milk,milk,milk,milks,milking,milked,milked,milked
mine,mined,mined,mine,mine,mine,mines,mining,mined,mined,mined
miss,missed,missed,miss,miss,miss,misses,missing,missed,missed,missed
mix,mixed,mixed,mix,mix,mix,mixes,mixing,mixed,mixed,mixed
moan,moaned,moaned,moan,moan,moan,moans,moaning,moaned,moaned,moaned
moor,moored,moored,moor,moor,moor,moors,mooring,moored,moored,moored
mourn,mourned,mourned,mourn,mourn,mourn,mourns,mourning,mourned,mourned,mourned
move,moved,moved,move,move,move,moves,moving,moved,moved,moved
muddle,muddled,muddled,muddle,muddle,muddle,muddles,muddling,muddled,muddled,muddled
mug,mugged,mugged,mug,mug,mug,mugs,mugging,mugged,mugged,mugged
multiply,multiplied,multiplied,multiply,multiply,multiply,multiplies,multiplying,multiplied,multiplied,multiplied
murder,murdered,murdered,murder,murder,murder,murders,murdering,murdered,murdered,murdered
nail,nailed,nailed,nail,nail,nail,nails,nailing,nailed,nailed,nailed
name,named,named,name,name,name,names,naming,named,named,named
need,needed,needed,need,need,need,needs,needing,needed,needed,needed
nest,nested,nested,nest,nest,nest,nests,nesting,nested,nested,nested
nod,nodded,nodded,nod,nod,nod,nods,nodding,nodded,nodded,nodded
note,noted,noted,note,note,note,notes,noting,noted,noted,noted
notice,noticed,noticed,notice,notice,notice,notices,noticing,noticed,noticed,noticed
number,numbered,numbered,number,number,number,numbers,numbering,numbered,numbered,numbered
obey,obeyed,obeyed,obey,obey,obey,obeys,obeying,obeyed,obeyed,obeyed
object,objected,objected,object,object,object,objects,objecting,objected,objected,objected
observe,observed,observed,observe,observe,observe,observes,observing,observed,observed,observed
obtain,obtained,obtained,obtain,obtain,obtain,obtains,obtaining,obtained,obtained,obtained
occur,occured,occured,occur,occur,occur,occurs,occuring,occured,occured,occured
offend,offended,offended,offend,offend,offend,offends,offending,offended,offended,offended
offer,offered,offered,offer,offer,offer,offers,offering,offered,offered,offered
open,opened,opened,open,open,open,opens,opening,opened,opened,opened
order,ordered,ordered,order,order,order,orders,ordering,ordered,ordered,ordered
overflow,overflowed,overflowed,overflow,overflow,overflow,overflows,overflowing,overflowed,overflowed,overflowed
owe,owed,owed,owe,owe,owe,owes,owing,owed,owed,owed
own,owned,owned,own,own,own,owns,owning,owned,owned,owned
pack,packed,packed,pack,pack,pack,packs,packing,packed,packed,packed
paddle,paddled,paddled,paddle,paddle,paddle,paddles,paddling,paddled,paddled,paddled
paint,painted,painted,paint,paint,paint,paints,painting,painted,painted,painted
park,parked,parked,park,park,park,parks,parking,parked,parked,parked
part,parted,parted,part,part,part,parts,parting,parted,parted,parted
pass,passed,passed,pass,pass,pass,passes,passing,passed,passed,passed
paste,pasted,pasted,paste,paste,paste,pastes,pasting,pasted,pasted,pasted
pat,patted,patted,pat,pat,pat,pats,patting,patted,patted,patted
pause,paused,paused,pause,pause,pause,pauses,pausing,paused,paused,paused
peck,pecked,pecked,peck,peck,peck,pecks,pecking,pecked,pecked,pecked
pedal,pedaled,pedaled,pedal,pedal,pedal,pedals,pedaling,pedaled,pedaled,pedaled
peel,peeled,peeled,peel,peel,peel,peels,peeling,peeled,peeled,peeled
peep,peeped,peeped,peep,peep,peep,peeps,peeping,peeped,peeped,peeped
perform,performed,performed,perform,perform,perform,performs,performing,performed,performed,performed
permit,permited,permited,permit,permit,permit,permits,permiting,permited,permited,permited
phone,phoned,phoned,phone,phone,phone,phones,phoning,phoned,phoned,phoned
pick,picked,picked,pick,pick,pick,picks,picking,picked,picked,picked
pinch,pinched,pinched,pinch,pinch,pinch,pinches,pinching,pinched,pinched,pinched
pine,pined,pined,pine,pine,pine,pines,pining,pined,pined,pined
place,placed,placed,place,place,place,places,placing,placed,placed,placed
plan,planned,planned,plan,plan,plan,plans,planning,planned,planned,planned
plant,planted,planted,plant,plant,plant,plants,planting,planted,planted,planted
play,played,played,play,play,play,plays,playing,played,played,played
please,pleased,pleased,please,please,please,pleases,pleasing,pleased,pleased,pleased
plug,plugged,plugged,plug,plug,plug,plugs,plugging,plugged,plugged,plugged
point,pointed,pointed,point,point,point,points,pointing,pointed,pointed,pointed
poke,poked,poked,poke,poke,poke,pokes,poking,poked,poked,poked
polish,polished,polished,polish,polish,polish,polishes,polishing,polished,polished,polished
pop,popped,popped,pop,pop,pop,pops,popping,popped,popped,popped
possess,possessed,possessed,possess,possess,possess,possesses,possessing,possessed,possessed,possessed
post,posted,posted,post,post,post,posts,posting,posted,posted,posted
pour,poured,poured,pour,pour,pour,pours,pouring,poured,poured,poured
practise,practised,practised,practise,practise,practise,practises,practising,practised,practised,practised
practice,practiced,practiced,practice,practice,practice,practices,practicing,practiced,practiced,practiced
pray,prayed,prayed,pray,pray,pray,prays,praying,prayed,prayed,prayed
preach,preached,preached,preach,preach,preach,preaches,preaching,preached,preached,preached
precede,preceded,preceded,precede,precede,precede,precedes,preceding,preceded,preceded,preceded
prefer,prefered,prefered,prefer,prefer,prefer,prefers,prefering,prefered,prefered,prefered
prepare,prepared,prepared,prepare,prepare,prepare,prepares,preparing,prepared,prepared,prepared
present,presented,presented,present,present,present,presents,presenting,presented,presented,presented
preserve,preserved,preserved,preserve,preserve,preserve,preserves,preserving,preserved,preserved,preserved
press,pressed,pressed,press,press,press,presses,pressing,pressed,pressed,pressed
pretend,pretended,pretended,pretend,pretend,pretend,pretends,pretending,pretended,pretended,pretended
prevent,prevented,prevented,prevent,prevent,prevent,prevents,preventing,prevented,prevented,prevented
prick,pricked,pricked,prick,prick,prick,pricks,pricking,pricked,pricked,pricked
print,printed,printed,print,print,print,prints,printing,printed,printed,printed
produce,produced,produced,produce,produce,produce,produces,producing,produced,produced,produced
promise,promised,promised,promise,promise,promise,promises,promising,promised,promised,promised
protect,protected,protected,protect,protect,protect,protects,protecting,protected,protected,protected
provide,provided,provided,provide,provide,provide,provides,providing,provided,provided,provided
pull,pulled,pulled,pull,pull,pull,pulls,pulling,pulled,pulled,pulled
pump,pumped,pumped,pump,pump,pump,pumps,pumping,pumped,pumped,pumped
punch,punched,punched,punch,punch,punch,punches,punching,punched,punched,punched
puncture,punctured,punctured,puncture,puncture,puncture,punctures,puncturing,punctured,punctured,punctured
punish,punished,punished,punish,punish,punish,punishes,punishing,punished,punished,punished
push,pushed,pushed,push,push,push,pushes,pushing,pushed,pushed,pushed
question,questioned,questioned,question,question,question,questions,questioning,questioned,questioned,questioned
queue,queued,queued,queue,queue,queue,queues,queuing,queued,queued,queued
race,raced,raced,race,race,race,races,racing,raced,raced,raced
radiate,radiated,radiated,radiate,radiate,radiate,radiates,radiating,radiated,radiated,radiated
rain,rained,rained,rain,rain,rain,rains,raining,rained,rained,rained
raise,raised,raised,raise,raise,raise,raises,raising,raised,raised,raised
reach,reached,reached,reach,reach,reach,reaches,reaching,reached,reached,reached
receive,received,received,receive,receive,receive,receives,receiving,received,received,received
record,recorded,recorded,record,record,record,records,recording,recorded,recorded,recorded
reduce,reduced,reduced,reduce,reduce,reduce,reduces,reducing,reduced,reduced,reduced
reflect,reflected,reflected,reflect,reflect,reflect,reflects,reflecting,reflected,reflected,reflected
refuse,refused,refused,refuse,refuse,refuse,refuses,refusing,refused,refused,refused
regret,regreted,regreted,regret,regret,regret,regrets,regreting,regreted,regreted,regreted
reign,reigned,reigned,reign,reign,reign,reigns,reigning,reigned,reigned,reigned
reject,rejected,rejected,reject,reject,reject,rejects,rejecting,rejected,rejected,rejected
rejoice,rejoiced,rejoiced,rejoice,rejoice,rejoice,rejoices,rejoicing,rejoiced,rejoiced,rejoiced
relax,relaxed,relaxed,relax,relax,relax,relaxes,relaxing,relaxed,relaxed,relaxed
release,released,released,release,release,release,releases,releasing,released,released,released
rely,relied,relied,rely,rely,rely,relies,relying,relied,relied,relied
remain,remained,remained,remain,remain,remain,remains,remaining,remained,remained,remained
remember,remembered,remembered,remember,remember,remember,remembers,remembering,remembered,remembered,remembered
remind,reminded,reminded,remind,remind,remind,reminds,reminding,reminded,reminded,reminded
remove,removed,removed,remove,remove,remove,removes,removing,removed,removed,removed
repair,repaired,repaired,repair,repair,repair,repairs,repairing,repaired,repaired,repaired
repeat,repeated,repeated,repeat,repeat,repeat,repeats,repeating,repeated,repeated,repeated
replace,replaced,replaced,replace,replace,replace,replaces,replacing,replaced,replaced,replaced
reply,replied,replied,reply,reply,reply,replies,replying,replied,replied,replied
report,reported,reported,report,report,report,reports,reporting,reported,reported,reported
reproduce,reproduced,reproduced,reproduce,reproduce,reproduce,reproduces,reproducing,reproduced,reproduced,reproduced
request,requested,requested,request,request,request,requests,requesting,requested,requested,requested
rescue,rescued,rescued,rescue,rescue,rescue,rescues,rescuing,rescued,rescued,rescued
retire,retired,retired,retire,retire,retire,retires,retiring,retired,retired,retired
return,returned,returned,return,return,return,returns,returning,returned,returned,returned
rinse,rinsed,rinsed,rinse,rinse,rinse,rinses,rinsing,rinsed,rinsed,rinsed
risk,risked,risked,risk,risk,risk,risks,risking,risked,risked,risked
rob,robbed,robbed,rob,rob,rob,robs,robbing,robbed,robbed,robbed
rock,rocked,rocked,rock,rock,rock,rocks,rocking,rocked,rocked,rocked
roll,rolled,rolled,roll,roll,roll,rolls,rolling,rolled,rolled,rolled
rot,rotted,rotted,rot,rot,rot,rots,rotting,rotted,rotted,rotted
rub,rubbed,rubbed,rub,rub,rub,rubs,rubbing,rubbed,rubbed,rubbed
ruin,ruined,ruined,ruin,ruin,ruin,ruins,ruining,ruined,ruined,ruined
rule,ruled,ruled,rule,rule,rule,rules,ruling,ruled,ruled,ruled
rush,rushed,rushed,rush,rush,rush,rushes,rushing,rushed,rushed,rushed
sack,sacked,sacked,sack,sack,sack,sacks,sacking,sacked,sacked,sacked
sail,sailed,sailed,sail,sail,sail,sails,sailing,sailed,sailed,sailed
satisfy,satisfied,satisfied,satisfy,satisfy,satisfy,satisfies,satisfying,satisfied,satisfied,satisfied
save,saved,saved,save,save,save,saves,saving,saved,saved,saved
see,seed,seed,see,see,see,sees,seeing,seed,seed,seed
scare,scared,scared,scare,scare,scare,scares,scaring,scared,scared,scared
scatter,scattered,scattered,scatter,scatter,scatter,scatters,scattering,scattered,scattered,scattered
scold,scolded,scolded,scold,scold,scold,scolds,scolding,scolded,scolded,scolded
scorch,scorched,scorched,scorch,scorch,scorch,scorches,scorching,scorched,scorched,scorched
scrape,scraped,scraped,scrape,scrape,scrape,scrapes,scraping,scraped,scraped,scraped
scratch,scratched,scratched,scratch,scratch,scratch,scratches,scratching,scratched,scratched,scratched
scream,screamed,screamed,scream,scream,scream,screams,screaming,screamed,screamed,screamed
screw,screwed,screwed,screw,screw,screw,screws,screwing,screwed,screwed,screwed
scribble,scribbled,scribbled,scribble,scribble,scribble,scribbles,scribbling,scribbled,scribbled,scribbled
scrub,scrubbed,scrubbed,scrub,scrub,scrub,scrubs,scrubbing,scrubbed,scrubbed,scrubbed
seal,sealed,sealed,seal,seal,seal,seals,sealing,sealed,sealed,sealed
search,searched,searched,search,search,search,searches,searching,searched,searched,searched
separate,separated,separated,separate,separate,separate,separates,separating,separated,separated,separated
serve,served,served,serve,serve,serve,serves,serving,served,served,served
settle,settled,settled,settle,settle,settle,settles,settling,settled,settled,settled
shade,shaded,shaded,shade,shade,shade,shades,shading,shaded,shaded,shaded
share,shared,shared,share,share,share,shares,sharing,shared,shared,shared
shave,shaved,shaved,shave,shave,shave,shaves,shaving,shaved,shaved,shaved
shelter,sheltered,sheltered,shelter,shelter,shelter,shelters,sheltering,sheltered,sheltered,sheltered
shiver,shivered,shivered,shiver,shiver,shiver,shivers,shivering,shivered,shivered,shivered
shock,shocked,shocked,shock,shock,shock,shocks,shocking,shocked,shocked,shocked
shop,shopped,shopped,shop,shop,shop,shops,shopping,shopped,shopped,shopped
shrug,shrugged,shrugged,shrug,shrug,shrug,shrugs,shrugging,shrugged,shrugged,shrugged
sigh,sighed,sighed,sigh,sigh,sigh,sighs,sighing,sighed,sighed,sighed
sign,signed,signed,sign,sign,sign,signs,signing,signed,signed,signed
signal,signaled,signaled,signal,signal,signal,signals,signaling,signaled,signaled,signaled
sin,sinned,sinned,sin,sin,sin,sins,sinning,sinned,sinned,sinned
sip,sipped,sipped,sip,sip,sip,sips,sipping,sipped,sipped,sipped
ski,skied,skied,ski,ski,ski,skis,skiing,skied,skied,skied
skip,skipped,skipped,skip,skip,skip,skips,skipping,skipped,skipped,skipped
slap,slapped,slapped,slap,slap,slap,slaps,slapping,slapped,slapped,slapped
slip,slipped,slipped,slip,slip,slip,slips,slipping,slipped,slipped,slipped
slow,slowed,slowed,slow,slow,slow,slows,slowing,slowed,slowed,slowed
smash,smashed,smashed,smash,smash,smash,smashes,smashing,smashed,smashed,smashed
smell,smelled,smelled,smell,smell,smell,smells,smelling,smelled,smelled,smelled
smile,smiled,smiled,smile,smile,smile,smiles,smiling,smiled,smiled,smiled
smoke,smoked,smoked,smoke,smoke,smoke,smokes,smoking,smoked,smoked,smoked
snatch,snatched,snatched,snatch,snatch,snatch,snatches,snatching,snatched,snatched,snatched
sneeze,sneezed,sneezed,sneeze,sneeze,sneeze,sneezes,sneezing,sneezed,sneezed,sneezed
sniff,sniffed,sniffed,sniff,sniff,sniff,sniffs,sniffing,sniffed,sniffed,sniffed
snore,snored,snored,snore,snore,snore,snores,snoring,snored,snored,snored
snow,snowed,snowed,snow,snow,snow,snows,snowing,snowed,snowed,snowed
soak,soaked,soaked,soak,soak,soak,soaks,soaking,soaked,soaked,soaked
soothe,soothed,soothed,soothe,soothe,soothe,soothes,soothing,soothed,soothed,soothed
sound,sounded,sounded,sound,sound,sound,sounds,sounding,sounded,sounded,sounded
spare,spared,spared,spare,spare,spare,spares,sparing,spared,spared,spared
spark,sparked,sparked,spark,spark,spark,sparks,sparking,sparked,sparked,sparked
sparkle,sparkled,sparkled,sparkle,sparkle,sparkle,sparkles,sparkling,sparkled,sparkled,sparkled
spell,spelled,spelled,spell,spell,spell,spells,spelling,spelled,spelled,spelled
spill,spilled,spilled,spill,spill,spill,spills,spilling,spilled,spilled,spilled
spoil,spoiled,spoiled,spoil,spoil,spoil,spoils,spoiling,spoiled,spoiled,spoiled
spot,spotted,spotted,spot,spot,spot,spots,spotting,spotted,spotted,spotted
spray,sprayed,sprayed,spray,spray,spray,sprays,spraying,sprayed,sprayed,sprayed
sprout,sprouted,sprouted,sprout,sprout,sprout,sprouts,sprouting,sprouted,sprouted,sprouted
squash,squashed,squashed,squash,squash,squash,squashes,squashing,squashed,squashed,squashed
squeak,squeaked,squeaked,squeak,squeak,squeak,squeaks,squeaking,squeaked,squeaked,squeaked
squeal,squealed,squealed,squeal,squeal,squeal,squeals,squealing,squealed,squealed,squealed
squeeze,squeezed,squeezed,squeeze,squeeze,squeeze,squeezes,squeezing,squeezed,squeezed,squeezed
stain,stained,stained,stain,stain,stain,stains,staining,stained,stained,stained
stamp,stamped,stamped,stamp,stamp,stamp,stamps,stamping,stamped,stamped,stamped
stare,stared,stared,stare,stare,stare,stares,staring,stared,stared,stared
start,started,started,start,start,start,starts,starting,started,started,started
stay,stayed,stayed,stay,stay,stay,stays,staying,stayed,stayed,stayed
steer,steered,steered,steer,steer,steer,steers,steering,steered,steered,steered
step,stepped,stepped,step,step,step,steps,stepping,stepped,stepped,stepped
stir,stirred,stirred,stir,stir,stir,stirs,stirring,stirred,stirred,stirred
stitch,stitched,stitched,stitch,stitch,stitch,stitches,stitching,stitched,stitched,stitched
stop,stopped,stopped,stop,stop,stop,stops,stopping,stopped,stopped,stopped
store,stored,stored,store,store,store,stores,storing,stored,stored,stored
strap,strapped,strapped,strap,strap,strap,straps,strapping,strapped,strapped,strapped
strengthen,strengthened,strengthened,strengthen,strengthen,strengthen,strengthens,strengthening,strengthened,strengthened,strengthened
stretch,stretched,stretched,stretch,stretch,stretch,stretches,stretching,stretched,stretched,stretched
strip,stripped,stripped,strip,strip,strip,strips,stripping,stripped,stripped,stripped
stroke,stroked,stroked,stroke,stroke,stroke,strokes,stroking,stroked,stroked,stroked
stuff,stuffed,stuffed,stuff,stuff,stuff,stuffs,stuffing,stuffed,stuffed,stuffed
subtract,subtracted,subtracted,subtract,subtract,subtract,subtracts,subtracting,subtracted,subtracted,subtracted
succeed,succeeded,succeeded,succeed,succeed,succeed,succeeds,succeeding,succeeded,succeeded,succeeded
suck,sucked,sucked,suck,suck,suck,sucks,sucking,sucked,sucked,sucked
suffer,suffered,suffered,suffer,suffer,suffer,suffers,suffering,suffered,suffered,suffered
suggest,suggested,suggested,suggest,suggest,suggest,suggests,suggesting,suggested,suggested,suggested
suit,suited,suited,suit,suit,suit,suits,suiting,suited,suited,suited
supply,supplied,supplied,supply,supply,supply,supplies,supplying,supplied,supplied,supplied
support,supported,supported,support,support,support,supports,supporting,supported,supported,supported
suppose,supposed,supposed,suppose,suppose,suppose,supposes,supposing,supposed,supposed,supposed
surprise,surprised,surprised,surprise,surprise,surprise,surprises,surprising,surprised,surprised,surprised
surround,surrounded,surrounded,surround,surround,surround,surrounds,surrounding,surrounded,surrounded,surrounded
suspect,suspected,suspected,suspect,suspect,suspect,suspects,suspecting,suspected,suspected,suspected
suspend,suspended,suspended,suspend,suspend,suspend,suspends,suspending,suspended,suspended,suspended
switch,switched,switched,switch,switch,switch,switches,switching,switched,switched,switched
talk,talked,talked,talk,talk,talk,talks,talking,talked,talked,talked
tame,tamed,tamed,tame,tame,tame,tames,taming,tamed,tamed,tamed
tap,tapped,tapped,tap,tap,tap,taps,tapping,tapped,tapped,tapped
taste,tasted,tasted,taste,taste,taste,tastes,tasting,tasted,tasted,tasted
tease,teased,teased,tease,tease,tease,teases,teasing,teased,teased,teased
telephone,telephoned,telephoned,telephone,telephone,telephone,telephones,telephoning,telephoned,telephoned,telephoned
tempt,tempted,tempted,tempt,tempt,tempt,tempts,tempting,tempted,tempted,tempted
terrify,terrified,terrified,terrify,terrify,terrify,terrifies,terrifying,terrified,terrified,terrified
test,tested,tested,test,test,test,tests,testing,tested,tested,tested
thank,thanked,thanked,thank,thank,thank,thanks,thanking,thanked,thanked,thanked
thaw,thawed,thawed,thaw,thaw,thaw,thaws,thawing,thawed,thawed,thawed
tick,ticked,ticked,tick,tick,tick,ticks,ticking,ticked,ticked,ticked
tickle,tickled,tickled,tickle,tickle,tickle,tickles,tickling,tickled,tickled,tickled
tie,tied,tied,tie,tie,tie,ties,tying,tied,tied,tied
time,timed,timed,time,time,time,times,timing,timed,timed,timed
tip,tipped,tipped,tip,tip,tip,tips,tipping,tipped,tipped,tipped
tire,tired,tired,tire,tire,tire,tires,tiring,tired,tired,tired
touch,touched,touched,touch,touch,touch,touches,touching,touched,touched,touched
tour,toured,toured,tour,tour,tour,tours,touring,toured,toured,toured
tow,towed,towed,tow,tow,tow,tows,towing,towed,towed,towed
trace,traced,traced,trace,trace,trace,traces,tracing,traced,traced,traced
trade,traded,traded,trade,trade,trade,trades,trading,traded,traded,traded
train,trained,trained,train,train,train,trains,training,trained,trained,trained
transport,transported,transported,transport,transport,transport,transports,transporting,transported,transported,transported
trap,trapped,trapped,trap,trap,trap,traps,trapping,trapped,trapped,trapped
travel,traveled,traveled,travel,travel,travel,travels,traveling,traveled,traveled,traveled
treat,treated,treated,treat,treat,treat,treats,treating,treated,treated,treated
tremble,trembled,trembled,tremble,tremble,tremble,trembles,trembling,trembled,trembled,trembled
trick,tricked,tricked,trick,trick,trick,tricks,tricking,tricked,tricked,tricked
trip,tripped,tripped,trip,trip,trip,trips,tripping,tripped,tripped,tripped
trot,trotted,trotted,trot,trot,trot,trots,trotting,trotted,trotted,trotted
trouble,troubled,troubled,trouble,trouble,trouble,troubles,troubling,troubled,troubled,troubled
trust,trusted,trusted,trust,trust,trust,trusts,trusting,trusted,trusted,trusted
try,tried,tried,try,try,try,tries,trying,tried,tried,tried
tug,tugged,tugged,tug,tug,tug,tugs,tugging,tugged,tugged,tugged
tumble,tumbled,tumbled,tumble,tumble,tumble,tumbles,tumbling,tumbled,tumbled,tumbled
turn,turned,turned,turn,turn,turn,turns,turning,turned,turned,turned
twist,twisted,twisted,twist,twist,twist,twists,twisting,twisted,twisted,twisted
type,typed,typed,type,type,type,types,typing,typed,typed,typed
undress,undressed,undressed,undress,undress,undress,undresses,undressing,undressed,undressed,undressed
unfasten,unfastened,unfastened,unfasten,unfasten,unfasten,unfastens,unfastening,unfastened,unfastened,unfastened
unite,united,united,unite,unite,unite,unites,uniting,united,united,united
unlock,unlocked,unlocked,unlock,unlock,unlock,unlocks,unlocking,unlocked,unlocked,unlocked
unpack,unpacked,unpacked,unpack,unpack,unpack,unpacks,unpacking,unpacked,unpacked,unpacked
untidy,untidied,untidied,untidy,untidy,untidy,untidies,untidying,untidied,untidied,untidied
vanish,vanished,vanished,vanish,vanish,vanish,vanishes,vanishing,vanished,vanished,vanished
visit,visited,visited,visit,visit,visit,visits,visiting,visited,visited,visited
wail,wailed,wailed,wail,wail,wail,wails,wailing,wailed,wailed,wailed
wait,waited,waited,wait,wait,wait,waits,waiting,waited,waited,waited
walk,walked,walked,walk,walk,walk,walks,walking,walked,walked,walked
wander,wandered,wandered,wander,wander,wander,wanders,wandering,wandered,wandered,wandered
want,wanted,wanted,want,want,want,wants,wanting,wanted,wanted,wanted
warm,warmed,warmed,warm,warm,warm,warms,warming,warmed,warmed,warmed
warn,warned,warned,warn,warn,warn,warns,warning,warned,warned,warned
wash,washed,washed,wash,wash,wash,washes,washing,washed,washed,washed
waste,wasted,wasted,waste,waste,waste,wastes,wasting,wasted,wasted,wasted
watch,watched,watched,watch,watch,watch,watches,watching,watched,watched,watched
water,watered,watered,water,water,water,waters,watering,watered,watered,watered
wave,waved,waved,wave,wave,wave,waves,waving,waved,waved,waved
weigh,weighed,weighed,weigh,weigh,weigh,weighs,weighing,weighed,weighed,weighed
welcome,welcomed,welcomed,welcome,welcome,welcome,welcomes,welcoming,welcomed,welcomed,welcomed
whine,whined,whined,whine,whine,whine,whines,whining,whined,whined,whined
whip,whipped,whipped,whip,whip,whip,whips,whipping,whipped,whipped,whipped
whirl,whirled,whirled,whirl,whirl,whirl,whirls,whirling,whirled,whirled,whirled
whisper,whispered,whispered,whisper,whisper,whisper,whispers,whispering,whispered,whispered,whispered
whistle,whistled,whistled,whistle,whistle,whistle,whistles,whistling,whistled,whistled,whistled
wink,winked,winked,wink,wink,wink,winks,winking,winked,winked,winked
wipe,wiped,wiped,wipe,wipe,wipe,wipes,wiping,wiped,wiped,wiped
wish,wished,wished,wish,wish,wish,wishes,wishing,wished,wished,wished
wobble,wobbled,wobbled,wobble,wobble,wobble,wobbles,wobbling,wobbled,wobbled,wobbled
wonder,wondered,wondered,wonder,wonder,wonder,wonders,wondering,wondered,wondered,wondered
work,worked,worked,work,work,work,works,working,worked,worked,worked
worry,worried,worried,worry,worry,worry,worries,worrying,worried,worried,worried
wreck,wrecked,wrecked,wreck,wreck,wreck,wrecks,wrecking,wrecked,wrecked,wrecked
wrestle,wrestled,wrestled,wrestle,wrestle,wrestle,wrestles,wrestling,wrestled,wrestled,wrestled
wriggle,wriggled,wriggled,wriggle,wriggle,wriggle,wriggles,wriggling,wriggled,wriggled,wriggled
yawn,yawned,yawned,yawn,yawn,yawn,yawns,yawning,yawned,yawned,yawned
yell,yelled,yelled,yell,yell,yell,yells,yelling,yelled,yelled,yelled
zip,zipped,zipped,zip,zip,zip,zips,zipping,zipped,zipped,zipped
zoom,zoomed,zoomed,zoom,zoom,zoom,zooms,zooming,zoomed,zoomed,zoomed
